项点编号,底盘x,底盘y,底盘yaw角度,关节1,关节2,关节3,关节4,关节5,关节6,检测类型,项点类型,报活处理班组,架次,方位,左右位,位别,项点名称,ee_x,ee_y,ee_z,ee_qx,ee_qy,ee_qz,ee_qw,ee_reference
0,1.818,2.219,0.00,-2.458,-50.96,134.665,0.107,-92.967,-1.419,,,,,,,,TEMP,2.054863691,2.394344129,1.261461391,-0.012172881,0.668325169,-0.026953114,0.743281117,arm_gripper_link
0,8.804,3.084,0.00,-2.458,-50.96,134.665,0.107,-92.967,-1.419,,,,,,,,TEMP,9.040863691,3.259344129,1.261461391,-0.012172881,0.668325169,-0.026953114,0.743281117,arm_gripper_link
1,9.085,-2.712,-1.541,15.654,47.146,100.563,-53.708,-102.126,-76.654,YOLO,数量校验,机车转向架组装班,I架,右侧,右,2位,右侧二位-砂管支架螺栓,9.503707180,-3.488123786,0.729255195,-0.023310001,0.780705436,0.031133796,0.623687704,arm_gripper_link
0,9.059,-2.72,-1.543,1.336,-30.758,138.875,-19.189,-88.391,-88.109,,,,,,,,TEMP_NO_MOVE_BASE,9.270981439,-3.066067232,1.149994330,-0.012686634,0.696814210,0.000299558,0.717139398,arm_gripper_link
2,9.024,-3.566,-1.545,-3.969,41.327,113.290,-67.171,-92.004,-99.884,DINO,安装位别,机车转向架组装班,I架,右侧,右,3位,3位-外端盖（五）,9.177298059,-4.347464380,0.751009928,-0.059626963,0.719393705,0.030958849,0.691345697,arm_gripper_link
0,9.007,-3.571,-1.543,1.026,-36.915,135.123,-3.559,-85.972,-91.468,,,,,,,,TEMP_NO_MOVE_BASE,9.219730532,-3.875000352,1.197317986,0.004736404,0.681167130,0.053073316,0.730186367,arm_gripper_link
3,9.084,-3.661,-1.542,19.592,7.024,96.757,-12.374,-94.504,-68.188,YOLO,数量校验,机车转向架组装班,I架,右侧,右,3位,右侧三位-一系油压减振器螺栓（构架端）,9.525059182,-4.292280712,1.267043337,0.001052283,0.735561443,-0.005298232,0.677436481,arm_gripper_link
4,9.082,-3.644,-1.541,18.424,54.227,72.635,-40.168,-106.957,-97.358,YOLO,数量校验,机车转向架组装班,I架,右侧,右,3位,右侧三位-轴向外端盖螺栓,9.602341654,-4.601132488,0.828820813,-0.194815350,0.781135208,0.131534228,0.578423299,arm_gripper_link
0,9.084,-3.659,-1.541,1.699,-24.575,131.918,-18.863,-88.492,-91.496,,,,,,,,TEMP_NO_MOVE_BASE,9.302294553,-4.064343577,1.188694406,-0.039582626,0.696907286,0.021131375,0.715756184,arm_gripper_link
5,9.09,-4.349,-1.511,6.694,65.326,85.753,-59.934,-89.081,-79.527,YOLO,数量校验,机车转向架组装班,I架,右侧,右,1位,右侧一位-二系垂向油压减振器螺栓,9.446423266,-5.249467663,0.556373685,0.010198393,0.702762145,0.005728126,0.711328721,arm_gripper_link
0,9.103,-4.333,-1.51,-0.896,-33.316,139.968,-24.725,-85.1,-79.53,,,,,,,,TEMP_NO_MOVE_BASE,9.318854944,-4.673401342,1.166106437,0.000337630,0.667616394,-0.092299343,0.738761848,arm_gripper_link
6,9.109,-5.464,-1.500,-5.472,44.161,100.798,-54.518,-92.015,-92.545,DINO,安装位别,机车转向架组装班,I架,右侧,右,2位,2位-中间轴接地外端盖,9.274457206,-6.341540314,0.772119698,-0.003865682,0.719322363,0.010162553,0.694591331,arm_gripper_link
0,9.104,-5.465,-1.499,-1.506,-39.787,134.461,-5.641,-94.332,-85.648,,,,,,,,TEMP_NO_MOVE_BASE,9.300409217,-5.760872487,1.225189792,0.003410812,0.732837317,-0.018554727,0.680142305,arm_gripper_link
7,8.99,-5.503,-1.516,19.819,18.447,83.499,-12.123,-97.265,-68.654,YOLO,数量校验,机车转向架组装班,I架,右侧,右,1位,横向止挡,9.493686509,-6.237859006,1.262104816,-0.027758750,0.746731640,-0.008040980,0.664497293,arm_gripper_link
0,8.992,-5.495,-1.516,-0.414,-6.512,113.761,-17.478,-86.644,-88.08,,,,,,,,TEMP_NO_MOVE_BASE,9.217581245,-6.084004663,1.237947448,-0.005584763,0.686073430,0.004433366,0.727497357,arm_gripper_link
8,9.122,-6.902,-1.513,27.844,33.046,91.046,-29.878,-113.602,-73.457,YOLO,数量校验,机车转向架组装班,I架,右侧,右,1位,右侧-地感器螺母及开口销,9.723379565,-7.612006232,0.993228158,-0.128383075,0.827894952,0.058085688,0.542893901,arm_gripper_link
0,9.116,-6.888,-1.511,2.228,-36.73,135.301,-13.777,-91.828,-74.524,,,,,,,,TEMP_NO_MOVE_BASE,9.335391883,-7.200928645,1.216284242,0.027348039,0.708876585,-0.094605693,0.698423822,arm_gripper_link
9,9.189,-6.970,-1.542,21.044,-1.070,120.996,-24.864,-98.518,-87.506,OCR,安装位别,机车转向架组装班,I架,右侧,右,3位,数据前置处理器No.2B,9.580204302,-7.452376284,1.116724394,-0.106871989,0.751161154,0.144771598,0.635119267,arm_gripper_link
0,9.180,-6.967,-1.542,-2.353,-41.086,140.973,-10.322,-89.885,-88.166,,,,,,,,TEMP_NO_MOVE_BASE,9.367661074,-7.255814837,1.163535582,0.012975173,0.706226301,-0.018330607,0.707629879,arm_gripper_link
10,9.115,-8.588,-1.565,14.617,37.221,99.683,-51.618,-101.697,-100.132,YOLO,数量校验,机车转向架组装班,I架,右侧,右,1位,右侧一位-油脂罐,9.507345540,-9.402969511,0.884098555,-0.181640775,0.757452420,0.117779936,0.615954826,arm_gripper_link
0,9.128,-8.592,-1.564,2.216,-48.327,143.364,-6.989,-90.782,-88.045,,,,,,,,TEMP_NO_MOVE_BASE,9.328252581,-8.824198217,1.160643824,-0.016156372,0.711353446,-0.008299162,0.702599723,arm_gripper_link
0,9.934,-10.251,0.008,-7.523,-47.626,138.623,-5.319,-85.502,-88.045,,,,,,,,TEMP,10.208953163,-10.084032484,1.211880621,-0.460225215,0.497876096,0.458278480,0.574711215,arm_gripper_link
11,10.051,-10.206,0.009,27.878,13.848,105.964,-15.808,-112.693,-59.012,YOLO,数量校验,机车转向架组装班,I架,前侧,右,1位,前侧一位-制动夹钳螺栓,10.626855970,-9.725437610,1.090743498,-0.598564075,0.603745794,0.376806545,0.367734810,arm_gripper_link
0,10.029,-10.238,0.008,-3.022,-38.46,132.323,-2.65,-90.814,-95.025,,,,,,,,TEMP_NO_MOVE_BASE,10.349019753,-10.062715835,1.237030938,-0.508320403,0.497800054,0.512915730,0.480336266,arm_gripper_link
12,11.328,-10.518,0.014,30.239,44.811,101.056,-43.836,-114.631,-56.359,YOLO,数量校验,机车转向架组装班,I架,前侧,左,1位,前侧一位-制动夹钳螺栓,11.979644266,-9.955959972,0.749104021,-0.616571147,0.589319812,0.355583648,0.382233502,arm_gripper_link
0,11.25,-10.196,0.016,-1.606,-35.134,135.561,-9.293,-87.444,-91.616,,,,,,,,TEMP_NO_MOVE_BASE,11.584469769,-10.004185199,1.193869023,-0.487823698,0.489399228,0.519711611,0.502410466,arm_gripper_link
0,13.169,-10.217,0.054,-1.861,-15.578,135.569,-17.355,-87.429,-91.616,,,,,,,,TEMP,13.591816791,-10.012010644,1.078781537,-0.441551406,0.529252263,0.574118246,0.441941894,arm_gripper_link
13,13.479,-9.41,1.612,12.741,5.482,96.491,-10.814,-107.695,-77.724,YOLO,数量校验,机车转向架组装班,I架,左侧,左,1位,左侧一位-脚蹬固定螺栓,13.134732206,-8.740034125,1.291640014,-0.805782165,-0.037185453,0.591043192,0.000537865,arm_gripper_link
0,13.463,-9.409,1.61,2.879,-31.856,132.657,-8.857,-91.927,-78.123,,,,,,,,TEMP_NO_MOVE_BASE,13.244390652,-9.068342525,1.207615319,-0.719253357,0.051532942,0.692125711,0.031320347,arm_gripper_link
0,13.429,-8.142,1.594,2.869,-38.06,133.583,-1.239,-89.452,-89.366,,,,,,,,TEMP,13.214976887,-7.849193197,1.216836833,0.704036434,-0.004695386,-0.708497423,0.048394779,arm_gripper_link
14,13.443,-7.646,1.594,21.334,8.563,96.799,-15.267,-108.946,-69.495,YOLO,数量校验,机车转向架组装班,I架,左侧,左,1位,左侧一位-二系横向油压减振器螺栓,13.005472919,-7.001924527,1.258056761,-0.805800083,-0.055494503,0.588866288,0.029035868,arm_gripper_link
0,13.42,-7.03,1.586,-3.974,-42.809,133.617,-3.515,-86.56,-92.284,,,,,,,,TEMP_NO_MOVE_BASE,13.238234721,-6.734262292,1.246122028,-0.686203214,-0.013126534,0.726951728,0.022226759,arm_gripper_link
15,13.391,-6.923,1.6,10.902,33.503,98.389,-44.174,-101.921,-77.056,YOLO,数量校验,机车转向架组装班,I架,左侧,左,2位,左侧二位-轴向外端盖螺栓,13.033493880,-6.093913669,0.936895367,-0.771676733,-0.026139110,0.634588951,0.033595085,arm_gripper_link
0,13.424,-6.917,1.598,2.187,-20.538,121.124,-9.689,-93.113,-87.3,,,,,,,,TEMP_NO_MOVE_BASE,13.208736648,-6.461410257,1.264890290,0.726313091,0.002154107,-0.687271920,0.011043652,arm_gripper_link
0,13.392,-6.121,1.594,2.215,-39.164,132.575,-7.852,-87.394,-85.96,,,,,,,,TEMP,13.176873568,-5.817004332,1.249557345,-0.688582763,-0.023836165,0.724197261,0.028704404,arm_gripper_link
16,13.402,-6.098,1.594,17.29,76.66,63.41,-56.434,-88.238,-70.679,YOLO,数量校验,机车转向架组装班,I架,左侧,左,1位,左侧一位-二系垂向油压减振器螺栓,12.869424905,-5.125638973,0.521675896,-0.682937684,-0.029867144,0.728911582,0.037309245,arm_gripper_link
0,13.396,-6.122,1.596,-3.354,-37.634,139.243,-13.966,-88.272,-94.111,,,,,,,,TEMP_NO_MOVE_BASE,13.212357109,-5.800574580,1.174284270,-0.696896384,-0.028878399,0.716589006,0.001290235,arm_gripper_link
0,13.341,-4.313,1.623,-3.354,-37.635,139.243,-13.966,-88.272,-94.111,,,,,,,,TEMP,13.148746581,-3.996654074,1.174289769,0.696443147,0.038289836,-0.716540752,0.008377465,arm_gripper_link
17,13.35,-4.307,1.625,36.465,15.394,102.32,-18.679,-110.356,-72.784,YOLO,数量校验,机车转向架组装班,I架,左侧,左,2位,左侧二位-一系油压减振器螺栓（轴箱端）,12.740622710,-3.809867843,1.112110814,0.814421573,0.155149701,-0.543064552,0.133142646,arm_gripper_link
18,13.367,-4.347,1.624,28.737,58.052,76.751,-33.734,-105.68,-51.971,YOLO,数量校验,机车转向架组装班,I架,左侧,左,2位,左侧二位-砂管支架螺栓,12.692139224,-3.564485801,0.705548710,-0.814123642,0.029161032,0.579272586,0.028206421,arm_gripper_link
0,13.331,-4.307,1.623,0.04,-56.483,139.526,3.468,-90.171,-88.211,,,,,,,,TEMP_NO_MOVE_BASE,13.130607615,-4.128184055,1.214385206,-0.706921661,-0.029179185,0.706552461,0.013926968,arm_gripper_link
0,13.317,-2.052,1.598,-0.447,-49.282,139.596,3.467,-90.105,-88.211,,,,,,,,TEMP,13.121882448,-1.830250871,1.187451068,0.707978939,-0.027458395,-0.705439783,0.019146049,arm_gripper_link
0,12.825,-2.001,-3.118,-0.428,-49.236,139.595,3.468,-90.105,-88.211,,,,,,,,TEMP,12.602390686,-2.195392849,1.187279870,0.521019419,0.480145106,-0.485910245,0.511752554,arm_gripper_link
0,11.182,-2.053,-3.125,-1.907,-50.412,139.723,-0.148,-90.07,-88.211,,,,,,,,TEMP,10.952074831,-2.240033711,1.198087599,0.508472318,0.491820254,-0.515174745,0.483904661,arm_gripper_link
19,11.18,-2.055,-3.124,54.325,3.545,69.948,42.79,-109.634,-33.293,YOLO,数量校验,机车转向架组装班,I架,后侧,右,2位,后侧-牵引电机螺栓,10.937906806,-2.676408113,1.531413200,0.599424371,0.639126787,-0.333257311,0.348061688,arm_gripper_link
0,11.186,-2.04,-3.124,-1.285,-46.887,141.16,-5.271,-87.122,-90.177,,,,,,,,TEMP_NO_MOVE_BASE,10.934852613,-2.235231742,1.177459156,0.483232787,0.491386911,-0.517070830,0.507604900,arm_gripper_link
20,11.172,-2.031,-3.124,26.346,48.418,86.629,-44.473,-109.279,-77.282,YOLO,数量校验,机车转向架组装班,I架,后侧,右,2位,右侧二位-撒砂阀门,10.373374722,-2.618611960,0.808358460,0.478827647,0.657951970,-0.372493530,0.446174696,arm_gripper_link
0,11.194,-2.04,-3.123,2.226,-50.974,143.061,-1.04,-86.63,-90.887,,,,,,,,TEMP_NO_MOVE_BASE,10.986613143,-2.249632731,1.162050314,0.471644242,0.498070431,-0.491061213,0.536969683,arm_gripper_link
0,1.380,-3.056,1.652,1.622,-48.667,143.106,-0.979,-86.598,-90.888,,,,,,,,TEMP,1.158742643,-2.850209666,1.152369085,0.685211703,0.021202531,-0.725056393,0.065792116,arm_gripper_link
0,1.380,1.069,1.652,1.622,-48.667,143.106,-0.979,-86.598,-90.888,,,,,,,,TEMP,1.158742643,1.274790334,1.152369085,0.685211703,0.021202531,-0.725056393,0.065792116,arm_gripper_link
0,-0.314,1.350,0,2.488,-50.562,142.633,-0.757,-87.150,1.556,,,,,,,,TEMP,-0.101407377,1.555816031,1.164964203,0.011740261,0.715571467,0.022833958,0.698067512,arm_gripper_link
